"STATION","DATE","AWND","PGTM","PRCP","SNOW","SNWD","TAVG","TMAX","TMIN","WDF2","WDF5","WSF2","WSF5","WT01","WT02","WT03","WT04","WT05","WT08"
"USW00024233","2019-11-01","10.74",,"0.00","0.0","0.0","45","56","37","   20","   10","18.1","21.9",,,,,,
"USW00024233","2019-11-02","6.04",,"0.00","0.0","0.0","48","57","41","   20","   20","15.0","18.1",,,,,,
"USW00024233","2019-11-03","4.92",,"0.00","0.0","0.0","48","57","40","   10","  360","12.1","14.1","    1",,,,,"    1"
"USW00024233","2019-11-04","6.93",,"0.00","0.0","0.0","49","57","42","  360","   30","13.0","15.0","    1",,,,,"    1"
"USW00024233","2019-11-05","6.49",,"0.00","0.0","0.0","47","56","41","   10","   10","19.9","23.0","    1","    1",,,,"    1"
"USW00024233","2019-11-06","7.61",,"0.00","0.0","0.0","48","54","44","   30","   30","15.0","18.1","    1",,,,,
"USW00024233","2019-11-07","3.13",,"0.00","0.0","0.0","47","58","38","   20","   20","14.1","15.0","    1","    1",,,,
"USW00024233","2019-11-08","5.37",,"0.00","0.0","0.0","47","58","39","  170","  210","12.1","14.1","    1","    1",,,,
"USW00024233","2019-11-09","6.04",,"0.32","0.0","0.0","50","53","48","  130","  120","14.1","16.1","    1",,,,,"    1"
"USW00024233","2019-11-10","5.59",,"0.00","0.0","0.0","52","54","49","   10","   20","13.0","15.0","    1",,,,,
"USW00024233","2019-11-11","4.03",,"0.00","0.0","0.0","51","61","45","   40","   30","10.1","13.0","    1","    1",,,,
"USW00024233","2019-11-12","5.14",,"0.25","0.0","0.0","50","53","47","  170","   80","8.9","12.1","    1",,,,,
"USW00024233","2019-11-13","8.95",,"0.00","0.0","0.0","52","55","46","   20","   20","17.0","19.9","    1",,,,,"    1"
"USW00024233","2019-11-14","5.14",,"0.00","0.0","0.0","49","54","44","  200","  120","13.0","18.1","    1","    1",,,,"    1"
"USW00024233","2019-11-15","10.07",,"0.19","0.0","0.0","51","58","46","  210","  210","21.0","25.9","    1",,,,,
"USW00024233","2019-11-16","6.04",,"0.01","0.0","0.0","51","54","47","  160","  130","12.1","16.1",,,,,,
"USW00024233","2019-11-17","9.17",,"0.09","0.0","0.0","53","58","49","  200","  190","23.0","29.1","    1",,,,,"    1"
"USW00024233","2019-11-18","5.37",,"0.26","0.0","0.0","52","52","49","   20","  170","14.1","19.9","    1","    1",,,,"    1"
"USW00024233","2019-11-19","8.95",,"0.39","0.0","0.0","49","52","45","   10","   10","21.9","25.1","    1",,,,,"    1"
"USW00024233","2019-11-20","11.63",,"0.00","0.0","0.0","46","50","39","   20","  340","19.9","23.9","    1","    1",,,,
"USW00024233","2019-11-21","3.58",,"0.00","0.0","0.0","41","45","34","   20","  150","14.1","16.1","    1","    1",,,,"    1"
"USW00024233","2019-11-22","2.91",,"0.00","0.0","0.0","39","46","34","  130","  150","12.1","12.1","    1","    1",,,,"    1"
"USW00024233","2019-11-23","10.51",,"0.00","0.0","0.0","40","52","35","  180","  180","21.9","29.1","    1","    1",,,,"    1"
"USW00024233","2019-11-24","8.50",,"0.11","0.0","0.0","50","52","44","  180","  180","21.0","25.9","    1",,,,,
"USW00024233","2019-11-25","6.71",,"0.09","0.0","0.0","45","47","37","  190","   80","14.1","16.1","    1",,,,,
"USW00024233","2019-11-26","9.84",,"0.00","0.0","0.0","40","46","37","   30","   20","16.1","19.0",,,,,,
"USW00024233","2019-11-27","10.51",,"0.00","0.0","0.0","41","48","36","   20","   10","21.0","28.0",,,,,,
"USW00024233","2019-11-28","10.51",,"0.00","0.0","0.0","38","45","31","   10","   10","16.1","19.9",,,,,,
"USW00024233","2019-11-29","7.61",,"0.00","0.0","0.0","36","42","31","   30","   20","14.1","16.1",,,,,,
"USW00024233","2019-11-30","6.93",,"0.00","0.0","0.0","35","47","26","   90","   80","17.0","23.0","    1",,,,,
"USW00024233","2019-12-01","8.28",,"0.02","0.0","0.0","42","46","39","   80","   90","17.0","21.9",,,,,,
"USW00024233","2019-12-02","2.46",,"0.00","0.0","0.0","43","51","37","  180","  110","6.9","10.1",,,,,,
"USW00024233","2019-12-03","8.50",,"0.00","0.0","0.0","47","52","44","  190","  190","17.0","23.9",,,,,,
"USW00024233","2019-12-04","6.26",,"0.03","0.0","0.0","49","50","45","  360","  360","12.1","14.1","    1",,,,,
"USW00024233","2019-12-05","5.59",,"0.00","0.0","0.0","47","52","45","   20","   20","14.1","16.1","    1",,,,,"    1"
"USW00024233","2019-12-06","5.59",,"0.00","0.0","0.0","48","56","44","  140","  130","13.0","17.0","    1",,,,,
"USW00024233","2019-12-07","4.70",,"0.29","0.0","0.0","49","51","47","  120","  140","15.0","23.9","    1",,,,,
"USW00024233","2019-12-08","3.80",,"0.03","0.0","0.0","49","52","45","   30","   30","8.9","12.1","    1",,,,,"    1"
"USW00024233","2019-12-09","4.03",,"0.00","0.0","0.0","46","47","39","  140","   60","8.1","13.0","    1","    1",,,,"    1"
"USW00024233","2019-12-10","6.71",,"0.13","0.0","0.0","41","45","39","  140","  120","16.1","19.9","    1","    1",,,,
"USW00024233","2019-12-11","8.05",,"0.54","0.0","0.0","45","49","44","  180","  190","19.9","23.9","    1",,,,,
"USW00024233","2019-12-12","14.99",,"0.23","0.0","0.0","48","51","45","  200","  210","23.9","32.0","    1",,,,,
"USW00024233","2019-12-13","7.83",,"0.00","0.0","0.0","46","49","43","  190","  190","19.9","27.1",,,,,,
"USW00024233","2019-12-14","4.47",,"0.08","0.0","0.0","44","45","41","  160","  140","8.9","12.1","    1",,,,,"    1"
"USW00024233","2019-12-15","5.14",,"0.11","0.0","0.0","42","44","38","  110","  220","10.1","13.0","    1",,,,,
"USW00024233","2019-12-16","6.49",,"0.00","0.0","0.0","41","46","38","  110","  110","14.1","19.9",,,,,,
"USW00024233","2019-12-17","3.80",,"0.00","0.0","0.0","42","47","37","  120","  110","8.9","12.1","    1",,,,,
"USW00024233","2019-12-18","6.93",,"0.30","0.0","0.0","43","46","39","   90","  120","14.1","19.9","    1",,,,,
"USW00024233","2019-12-19","10.96",,"1.32","0.0","0.0","44","53","41","  160","  160","23.0","30.0","    1",,,,,
"USW00024233","2019-12-20","10.29",,"3.25","0.0","0.0","52","54","49","  230","  230","25.1","36.9","    1",,,,,
"USW00024233","2019-12-21","6.93",,"0.83","0.0","0.0","48","52","43","   40","  180","13.0","19.0","    1",,,,,
"USW00024233","2019-12-22","7.38",,"0.14","0.0","0.0","43","44","40","   10","   10","16.1","19.9","    1",,,,,
"USW00024233","2019-12-23","6.04",,"0.29","0.0","0.0","42","44","38","  130","  130","12.1","18.1","    1",,,,,
"USW00024233","2019-12-24","4.70",,"0.00","0.0","0.0","38","40","33","  220","  220","8.9","11.0","    1",,,,,
"USW00024233","2019-12-25","4.47",,"0.00","0.0","0.0","40","44","33","   20","   30","10.1","18.1","    1",,,,,
"USW00024233","2019-12-26","6.04",,"0.05","0.0","0.0","35","39","30","  120","  120","12.1","15.0","    1","    1",,,,
"USW00024233","2019-12-27","5.37",,"0.01","0.0","0.0","39","45","37","  190","  190","14.1","17.0","    1",,,,,
"USW00024233","2019-12-28","4.25",,"0.00","0.0","0.0","44","47","41","  160","  140","8.1","12.1","    1",,,,,
"USW00024233","2019-12-29","4.70",,"0.01","0.0","0.0","45","51","40","  120","  140","12.1","15.0",,,,,,
"USW00024233","2019-12-30","9.84",,"0.04","0.0","0.0","46","48","43","  200","  200","19.9","23.9","    1",,,,,"    1"
"USW00024233","2019-12-31","14.76",,"0.26","0.0","0.0","48","53","46","  190","  210","25.9","36.9","    1",,,,,
"USW00024233","2020-01-01","14.32",,"0.00","0.0","0.0","51","53","46","  220","  220","25.1","33.1",,,,,,
"USW00024233","2020-01-02","9.17",,"0.21","0.0","0.0","45","50","41","  180","  170","19.9","27.1","    1",,,,,
"USW00024233","2020-01-03","9.62",,"0.39","0.0","0.0","48","62","46","  220","  220","28.0","38.9","    1",,,,,"    1"
"USW00024233","2020-01-04","14.09",,"0.10","0.0","0.0","47","46","40","  210","  190","30.0","38.0","    1",,,,,
"USW00024233","2020-01-05","14.32",,"0.14","0.0","0.0","44","48","42","  200","  200","25.9","33.1","    1",,,,,
"USW00024233","2020-01-06","16.33",,"1.19","0.0","0.0","45","51","41","  180","  180","25.9","33.1","    1",,,,,
"USW00024233","2020-01-07","14.99",,"0.28","0.0","0.0","51","55","46","  190","  210","28.0","34.0","    1",,,,,
"USW00024233","2020-01-08","12.08",,"0.04","0.0","0.0","45","45","33","  210","  220","23.9","31.1","    1",,,,,
"USW00024233","2020-01-09","4.03",,"0.06","0.0","0.0","36","39","32","  140","  110","10.1","17.0","    1",,,,,
"USW00024233","2020-01-10","12.97",,"0.50","0.0","0.0","38","44","35","  180","  180","23.0","34.0","    1",,,,,
"USW00024233","2020-01-11","14.54",,"0.09","0.0","0.0","44","46","39","  210","  180","23.0","31.1","    1",,,,,
"USW00024233","2020-01-12","15.21",,"0.18","0.0","0.0","42","45","33","  240","  210","25.1","36.9","    1",,,,,
"USW00024233","2020-01-13","9.62",,"0.09","0.2","0.0","35","37","30","  190","  190","16.1","19.9","    1",,,,,
"USW00024233","2020-01-14","10.51",,"0.01","0.5","0.0","30","36","28","  180","  180","23.9","33.1","    1",,,,,
"USW00024233","2020-01-15","15.66",,"0.01","0.0","0.0","35","46","32","  180","  140","25.9","34.0",,,,,,
"USW00024233","2020-01-16","10.07",,"0.00","0.0","0.0","41","45","35","  130","  200","16.1","21.0",,,,,,
"USW00024233","2020-01-17","6.93",,"0.02","0.0","0.0","37","42","32","  110","  100","14.1","19.9",,,,,,
"USW00024233","2020-01-18","9.84",,"0.34","0.0","0.0","42","51","39","  110","  190","17.0","21.0","    1",,,,,
"USW00024233","2020-01-19","9.17",,"0.03","0.0","0.0","48","54","44","  120","  120","19.9","27.1",,,,,,
"USW00024233","2020-01-20","5.37",,"0.00","0.0","0.0","50","53","44","  120","  130","16.1","21.0",,,,,,
"USW00024233","2020-01-21","13.87",,"0.52","0.0","0.0","49","53","45","  190","  210","25.9","38.9","    1",,,,,
"USW00024233","2020-01-22","9.62",,"0.22","0.0","0.0","45","50","44","  180","  170","21.0","25.9","    1",,,,,
"USW00024233","2020-01-23","11.18",,"0.99","0.0","0.0","51","55","49","  140","  140","23.9","29.1","    1",,,,,
"USW00024233","2020-01-24","10.07",,"0.47","0.0","0.0","51","52","48","  200","  200","21.0","27.1","    1",,,,,
"USW00024233","2020-01-25","4.92",,"0.16","0.0","0.0","48","52","46","   30","   90","12.1","17.0","    1",,,,,
"USW00024233","2020-01-26","11.86",,"0.35","0.0","0.0","49","54","47","  220","  190","21.9","30.0","    1",,,,,
"USW00024233","2020-01-27","9.62",,"0.61","0.0","0.0","48","51","43","  200","  180","16.1","23.0","    1",,,,,
"USW00024233","2020-01-28","7.83",,"0.67","0.0","0.0","47","53","46","  120","  130","18.1","23.9","    1",,,,,
"USW00024233","2020-01-29","6.71",,"0.37","0.0","0.0","48","51","45","  210","  210","21.0","25.1","    1",,,,,
"USW00024233","2020-01-30","7.38",,"0.41","0.0","0.0","46","51","42","  180","  180","15.0","19.9","    1",,,,,"    1"
"USW00024233","2020-01-31","16.78",,"0.78","0.0","0.0","51","59","51","  200","  190","31.1","42.1","    1",,,,,
"USW00024233","2020-02-01","15.21",,"1.18","0.0","0.0","53","55","37","  210","  230","28.0","38.9","    1",,,,,
"USW00024233","2020-02-02","6.71",,"0.00","0.0","0.0","39","44","32","  230","  180","12.1","15.0",,,,,,
"USW00024233","2020-02-03","3.80",,"0.11","0.0","0.0","38","43","35","  350","  360","8.9","12.1","    1",,,,,
"USW00024233","2020-02-04","7.83",,"0.11","0.0","0.0","35","41","32","  150","  160","16.1","21.0","    1",,,,,
"USW00024233","2020-02-05","11.41",,"0.52","0.0","0.0","43","50","41","  220","  210","19.9","25.9","    1",,,,,
"USW00024233","2020-02-06","6.04",,"0.83","0.0","0.0","49","51","46","  210","  210","21.9","31.1","    1","    1",,,,
"USW00024233","2020-02-07","13.42",,"0.43","0.0","0.0","47","52","43","  230","  220","36.9","49.0","    1",,,,,
"USW00024233","2020-02-08","9.62",,"0.04","0.0","0.0","45","48","40","  210","  210","28.0","36.9","    1",,,,,"    1"
"USW00024233","2020-02-09","2.91",,"0.00","0.0","0.0","43","48","36","   30","   20","8.9","11.0",,,,,,
"USW00024233","2020-02-10","3.80",,"0.00","0.0","0.0","42","48","37","  300","  300","12.1","13.0",,,,,,
"USW00024233","2020-02-11","8.28",,"0.01","0.0","0.0","41","48","35","  190","  230","16.1","19.9","    1",,,,,
"USW00024233","2020-02-12","2.24",,"0.07","0.0","0.0","46","48","41","  140","   30","8.1","13.0","    1",,,,,
"USW00024233","2020-02-13","11.41",,"0.02","0.0","0.0","43","48","37","  210","  210","21.9","28.0","    1",,,,,
"USW00024233","2020-02-14","13.65",,"0.11","0.0","0.0","44","50","42","  210","  210","21.9","25.9",,,,,,
"USW00024233","2020-02-15","11.41",,"0.11","0.0","0.0","44","46","42","  190","  180","21.9","28.0","    1",,,,,
"USW00024233","2020-02-16","9.62",,"0.00","0.0","0.0","43","48","38","  210","  230","23.0","27.1","    1",,,,,"    1"
"USW00024233","2020-02-17","5.14",,"0.00","0.0","0.0","41","48","34","  140","   30","12.1","14.1",,,,,,
"USW00024233","2020-02-18","8.95",,"0.00","0.0","0.0","40","48","31","   10","   20","17.0","19.9","    1","    1",,,,
"USW00024233","2020-02-19","8.28",,"0.00","0.0","0.0","41","55","32","  110","  100","21.0","23.9",,,,,,
"USW00024233","2020-02-20","7.38",,"0.00","0.0","0.0","48","58","42","  120","  130","16.1","19.9",,,,,,
"USW00024233","2020-02-21","5.82",,"0.00","0.0","0.0","45","54","35","  220","  130","12.1","15.0",,,,,,"    1"
"USW00024233","2020-02-22","5.14",,"0.07","0.0","0.0","45","47","39","  200","  200","19.9","21.9","    1",,,,,"    1"
"USW00024233","2020-02-23","18.34",,"0.18","0.0","0.0","45","48","39","  250","  250","36.9","48.1","    1",,,,,
"USW00024233","2020-02-24","9.40",,"0.00","0.0","0.0","43","50","38","  220","  200","25.9","36.9",,,,,,
"USW00024233","2020-02-25","4.03",,"0.00","0.0","0.0","43","51","36","  200","   80","12.1","14.1",,,,,,
"USW00024233","2020-02-26","4.70",,"0.05","0.0","0.0","47","53","43","  130","  120","13.0","16.1","    1",,,,,"    1"
"USW00024233","2020-02-27","5.37",,"0.00","0.0","0.0","47","57","38","   20","   20","12.1","18.1",,,,,,
"USW00024233","2020-02-28","10.29",,"0.09","0.0","0.0","45","50","38","  190","  190","23.9","33.1","    1","    1",,,,
"USW00024233","2020-02-29","10.07",,"0.12","0.0","0.0","44","49","36","  190","  180","25.9","36.0","    1",,,,,
"USW00024233","2020-03-01","5.82",,"0.00","0.0","0.0","40","47","33","  220","  210","13.0","16.1","    1",,,,,
"USW00024233","2020-03-02","14.32",,"0.01","0.0","0.0","44","48","40","  200","  200","28.0","36.0","    1",,,,,"    1"
"USW00024233","2020-03-03","14.09",,"0.18","0.0","0.0","49","53","46","  200","  200","25.1","34.0","    1",,,,,"    1"
"USW00024233","2020-03-04","7.61",,"0.00","0.0","0.0","46","52","41","  220","  210","21.0","27.1",,,,,,
"USW00024233","2020-03-05","8.95",,"0.23","0.0","0.0","46","56","38","  220","  210","23.0","30.0","    1",,,,,
"USW00024233","2020-03-06","3.58",,"0.48","0.0","0.0","43","43","39","  260","  240","10.1","12.1","    1",,,,,
"USW00024233","2020-03-07","7.16",,"0.04","0.0","0.0","42","45","38","  220","  230","15.0","19.0","    1",,,,,
"USW00024233","2020-03-08","5.82",,"0.00","0.0","0.0","40","49","37","   20","   10","14.1","15.0",,,,,,
"USW00024233","2020-03-09","4.92",,"0.00","0.0","0.0","40","50","33","   40","   40","12.1","14.1","    1",,,,,"    1"
"USW00024233","2020-03-10","11.41",,"0.00","0.0","0.0","43","51","36","  210","  230","21.9","27.1",,,,,,
"USW00024233","2020-03-11","7.16",,"0.07","0.0","0.0","47","51","42","  190","  190","18.1","23.0","    1",,,,,"    1"
"USW00024233","2020-03-12","4.70",,"0.00","0.0","0.0","44","52","39","   10","   50","13.0","18.1","    1",,,,,
"USW00024233","2020-03-13","11.63",,"0.38","0.0","0.0","41","43","35","   20","   10","23.0","27.1","    1",,,,,
"USW00024233","2020-03-14","15.66",,"0.00","0.0","0.0","38","44","32","   20","   10","21.9","25.9",,,,,,
"USW00024233","2020-03-15","18.57",,"0.00","0.0","0.0","37","46","32","   10","  350","29.1","33.1",,,,,,
"USW00024233","2020-03-16","12.08",,"0.00","0.0","0.0","43","55","36","   10","   10","21.0","25.9",,,,,,
"USW00024233","2020-03-17","4.47",,"0.00","0.0","0.0","44","54","33","  340","  330","12.1","14.1",,,,,,
"USW00024233","2020-03-18","4.92",,"0.00","0.0","0.0","44","56","35","  190","  210","12.1","18.1",,,,,,
"USW00024233","2020-03-19","4.92",,"0.00","0.0","0.0","47","61","37","   40","  120","8.9","13.0",,,,,,
"USW00024233","2020-03-20","4.92",,"0.00","0.0","0.0","51","62","39","   30","   30","14.1","16.1",,,,,,
"USW00024233","2020-03-21","5.37",,"0.00","0.0","0.0","48","56","40","  330","  320","10.1","15.0",,,,,,
"USW00024233","2020-03-22","9.62",,"0.00","0.0","0.0","47","58","38","  230","  220","21.9","25.9","    1",,,,,"    1"
"USW00024233","2020-03-23","12.08",,"0.10","0.0","0.0","45","51","41","  220","  220","23.9","33.1","    1",,,,,
"USW00024233","2020-03-24","6.49",,"0.04","0.0","0.0","43","50","38","  200","  210","14.1","18.1","    1",,,,,
"USW00024233","2020-03-25","4.47",,"0.18","0.0","0.0","42","49","39","  250","  210","12.1","23.0","    1",,,,,"    1"
"USW00024233","2020-03-26","11.63",,"0.00","0.0","0.0","43","49","38","  210","  210","19.9","23.9",,,,,,
"USW00024233","2020-03-27","9.62",,"0.02","0.0","0.0","45","50","43","  180","  180","16.1","19.9","    1",,,,,
"USW00024233","2020-03-28","11.63",,"0.32","0.0","0.0","49","54","46","  190","  190","18.1","25.9","    1",,,,,
"USW00024233","2020-03-29","11.41",,"0.58","0.0","0.0","49","55","46","  220","  200","21.9","27.1","    1",,,,,
"USW00024233","2020-03-30","13.65",,"0.51","0.0","0.0","47","50","39","  240","  240","25.9","34.0","    1",,,,,"    1"
"USW00024233","2020-03-31","10.51",,"0.03","0.0","0.0","43","50","39","  220","  220","21.0","27.1","    1",,,,,
"USW00024233","2020-04-01","6.04",,"0.01","0.0","0.0","43","52","39","   10","  350","14.1","21.9",,,,,,
"USW00024233","2020-04-02","9.62",,"0.00","0.0","0.0","43","51","37","  220","  220","21.0","23.9",,,,,,
"USW00024233","2020-04-03","12.08",,"0.00","0.0","0.0","43","50","37","  200","  190","23.9","30.0",,,,,,
"USW00024233","2020-04-04","8.05",,"0.00","0.0","0.0","42","56","35","   10","  360","18.1","21.0",,,,,,
"USW00024233","2020-04-05","11.18",,"0.00","0.0","0.0","48","56","44","  350","  350","17.0","21.0",,,,,,
"USW00024233","2020-04-06","4.03",,"0.00","0.0","0.0","49","60","39","  260","  200","10.1","14.1",,,,,,
"USW00024233","2020-04-07","6.49",,"0.00","0.0","0.0","48","56","40","  210","  210","12.1","15.0",,,,,,
"USW00024233","2020-04-08","8.95",,"0.00","0.0","0.0","50","63","39","   10","   10","17.0","21.0",,,,,,
"USW00024233","2020-04-09","7.83",,"0.00","0.0","0.0","54","69","42","  350","  350","16.1","19.9",,,,,,
"USW00024233","2020-04-10","6.93",,"0.00","0.0","0.0","55","64","44","  210","  210","16.1","19.9",,,,,,
"USW00024233","2020-04-11","8.72",,"0.00","0.0","0.0","51","60","44","  340","  350","21.0","25.9","    1",,,,,
"USW00024233","2020-04-12","8.50",,"0.00","0.0","0.0","50","60","37","   10","   10","25.1","31.1",,,,,,
"USW00024233","2020-04-13","5.82",,"0.00","0.0","0.0","50","64","38","   20","   30","15.0","18.1",,,,,,
"USW00024233","2020-04-14","7.83",,"0.00","0.0","0.0","53","64","42","  220","  210","16.1","21.0",,,,,,
"USW00024233","2020-04-15","6.93",,"0.00","0.0","0.0","54","66","49","   10","  330","17.0","23.0",,,,,,
"USW00024233","2020-04-16","6.26",,"0.00","0.0","0.0","57","70","44","  310","  300","15.0","19.0",,,,,,
"USW00024233","2020-04-17","5.37",,"0.00","0.0","0.0","57","71","44","   20","   20","14.1","15.0",,,,,,
"USW00024233","2020-04-18","5.82",,"0.05","0.0","0.0","54","57","48","  230","  200","10.1","17.0","    1",,,,,
"USW00024233","2020-04-19","6.04",,"0.00","0.0","0.0","53","65","48","   20","   20","12.1","14.1",,,,,,
"USW00024233","2020-04-20","6.04",,"0.00","0.0","0.0","55","67","45","  220","  230","14.1","18.1",,,,,,
"USW00024233","2020-04-21","9.17",,"0.00","0.0","0.0","53","58","47","  190","  210","18.1","23.0",,,,,,
"USW00024233","2020-04-22","5.82",,"0.50","0.0","0.0","52","54","49","  220","  220","16.1","21.0","    1",,,,,
"USW00024233","2020-04-23","8.50",,"0.30","0.0","0.0","52","59","48","  210","  150","14.1","16.1","    1",,,,,
"USW00024233","2020-04-24","3.80",,"0.00","0.0","0.0","53","60","47","  140","   90","8.1","14.1",,,,,,
"USW00024233","2020-04-25","11.63",,"0.59","0.0","0.0","56","62","49","  230","  230","23.0","32.0","    1",,,,,
"USW00024233","2020-04-26","7.16",,"0.12","0.0","0.0","53","62","45","  260","  270","13.0","17.0","    1",,,,,
"USW00024233","2020-04-27","10.74",,"0.09","0.0","0.0","55","63","48","  210","  210","21.9","28.0","    1",,,,,
"USW00024233","2020-04-28","5.14",,"0.00","0.0","0.0","53","63","45","  340","  340","13.0","15.0",,,,,,
"USW00024233","2020-04-29","9.84",,"0.04","0.0","0.0","56","70","49","  240","  240","18.1","25.9","    1",,,,,
"USW00024233","2020-04-30","11.63",,"0.00","0.0","0.0","55","58","47","  220","  220","21.9","28.0",,,,,,
"USW00024233","2020-05-01","4.47",,"0.00","0.0","0.0","52","66","43","  190","  260","13.0","18.1",,,,,,
"USW00024233","2020-05-02","9.40",,"0.24","0.0","0.0","57","58","47","  180","  170","21.9","28.0","    1",,,,,
"USW00024233","2020-05-03","11.63",,"0.06","0.0","0.0","49","57","44","  230","  220","23.9","33.1","    1",,,,,
"USW00024233","2020-05-04","4.47",,"0.00","0.0","0.0","51","65","39","  220","  200","14.1","17.0",,,,,,
"USW00024233","2020-05-05","7.83",,"0.00","0.0","0.0","57","71","49","  220","  230","19.9","27.1",,,,,,
"USW00024233","2020-05-06","12.08",,"0.11","0.0","0.0","57","62","48","  220","  200","21.9","30.0",,,,,,
"USW00024233","2020-05-07","12.97",,"0.00","0.0","0.0","55","68","44","   20","  350","21.0","25.1",,,,,,
"USW00024233","2020-05-08","14.32",,"0.00","0.0","0.0","62","80","50","   70","   10","18.1","25.9",,,,,,
"USW00024233","2020-05-09","9.17",,"0.00","0.0","0.0","73","86","62","  360","  360","16.1","19.9",,,,,,
"USW00024233","2020-05-10","9.84",,"0.00","0.0","0.0","76","87","62","  120","   70","17.0","21.9",,,,,,
"USW00024233","2020-05-11","8.95",,"0.01","0.0","0.0","69","74","54","  210","  210","21.0","25.1",,,,,,
"USW00024233","2020-05-12","6.49",,"0.05","0.0","0.0","57","65","50","  250","  250","21.9","29.1","    1",,,,,
"USW00024233","2020-05-13","8.95",,"0.00","0.0","0.0","56","65","52","  250","  260","17.0","21.9",,,,,,
"USW00024233","2020-05-14","5.59",,"0.11","0.0","0.0","56","67","50","  240","  230","15.0","18.1","    1",,,,,
"USW00024233","2020-05-15","6.26",,"0.00","0.0","0.0","58","68","52","  230","  190","13.0","18.1",,,,,,
"USW00024233","2020-05-16","5.37",,"0.54","0.0","0.0","59","64","54","   70","   90","13.0","17.0","    1",,,,,
"USW00024233","2020-05-17","6.04",,"0.13","0.0","0.0","58","68","53","  320","  310","16.1","19.9","    1",,,,,
"USW00024233","2020-05-18","6.26",,"0.00","0.0","0.0","58","67","50","  330","  310","14.1","19.9",,,,,,
"USW00024233","2020-05-19","8.05",,"0.00","0.0","0.0","58","65","52","  220","  200","14.1","17.0",,,,,,
"USW00024233","2020-05-20","10.29",,"0.03","0.0","0.0","55","59","51","  230","  210","19.9","25.9","    1",,,,,
"USW00024233","2020-05-21","8.72",,"0.36","0.0","0.0","53","59","47","  180","  210","17.0","23.9","    1",,,,,"    1"
"USW00024233","2020-05-22","9.62",,"0.05","0.0","0.0","52","62","47","  220","  220","19.9","25.1","    1",,,,,
"USW00024233","2020-05-23","3.80",,"0.00","0.0","0.0","54","65","48","   60","   50","8.9","13.0",,,,,,
"USW00024233","2020-05-24","4.03",,"0.00","0.0","0.0","58","71","50","  280","  270","8.9","13.0",,,,,,
"USW00024233","2020-05-25","6.71",,"0.11","0.0","0.0","60","63","55","  210","  220","14.1","19.0","    1",,,,,
"USW00024233","2020-05-26","5.59",,"0.00","0.0","0.0","57","66","52","   30","   20","13.0","15.0","    1",,,,,
"USW00024233","2020-05-27","6.93",,"0.00","0.0","0.0","61","75","48","   20","   10","16.1","19.9",,,,,,"    1"
"USW00024233","2020-05-28","7.16",,"0.00","0.0","0.0","67","82","57","  340","  350","14.1","19.9",,,,,,
"USW00024233","2020-05-29","7.61",,"0.00","0.0","0.0","70","80","58","   10","   10","15.0","19.0",,,,,,
"USW00024233","2020-05-30","8.05",,"1.14","0.0","0.0","60","60","50","  180","  190","18.1","25.1","    1",,"    1",,,
"USW00024233","2020-05-31","8.28",,"0.18","0.0","0.0","53","63","49","  170","  200","15.0","21.0","    1",,,,,
"USW00024233","2020-06-01","6.93",,"0.00","0.0","0.0","57","68","50","   30","  260","13.0","16.1",,,,,,
"USW00024233","2020-06-02","5.37",,"0.00","0.0","0.0","59","66","50","   10","  360","17.0","19.0",,,,,,
"USW00024233","2020-06-03","6.93",,"0.00","0.0","0.0","56","66","50","   20","   20","16.1","18.1",,,,,,
"USW00024233","2020-06-04","5.82",,"0.00","0.0","0.0","59","70","53","   10","   10","16.1","21.0",,,,,,
"USW00024233","2020-06-05","6.26",,"0.00","0.0","0.0","58","66","51","   30","   20","16.1","18.1",,,,,,
"USW00024233","2020-06-06","10.51",,"0.01","0.0","0.0","57","63","51","  230","  210","17.0","23.9","    1",,,,,
"USW00024233","2020-06-07","10.07",,"0.02","0.0","0.0","54","64","50","  210","  220","16.1","23.9","    1",,,,,
"USW00024233","2020-06-08","12.30",,"0.03","0.0","0.0","57","64","51","  220","  220","21.0","27.1",,,,,,
"USW00024233","2020-06-09","7.61",,"0.45","0.0","0.0","56","62","51","  240","  170","13.0","17.0","    1",,,,,
"USW00024233","2020-06-10","4.25",,"0.02","0.0","0.0","60","72","55","  260","  270","14.1","18.1","    1",,,,,
"USW00024233","2020-06-11","4.92",,"0.12","0.0","0.0","62","71","57","  180","  180","10.1","14.1","    1",,,,,
"USW00024233","2020-06-12","7.61",,"0.27","0.0","0.0","60","59","53","  210","  220","16.1","19.9","    1",,,,,
"USW00024233","2020-06-13","8.72",,"0.11","0.0","0.0","56","63","51","  220","  210","21.0","27.1","    1",,,,,
"USW00024233","2020-06-14","9.17",,"0.00","0.0","0.0","56","67","49","  200","  200","16.1","19.0",,,,,,
"USW00024233","2020-06-15","9.62",,"0.18","0.0","0.0","58","64","53","  210","  220","19.9","25.1","    1",,,,,
"USW00024233","2020-06-16","6.71",,"0.01","0.0","0.0","56","68","51","  340","  230","16.1","23.0",,,,,,
"USW00024233","2020-06-17","5.82",,"0.00","0.0","0.0","60","73","50","   30","  210","12.1","15.0",,,,,,
"USW00024233","2020-06-18","7.38",,"0.00","0.0","0.0","64","77","53","  360","  360","16.1","19.9",,,,,,
"USW00024233","2020-06-19","4.92",,"0.00","0.0","0.0","68","81","56","  210","  210","12.1","14.1",,,,,,
"USW00024233","2020-06-20","9.40",,"0.03","0.0","0.0","67","74","60","  220","  220","21.0","25.9","    1",,,,,
"USW00024233","2020-06-21","7.83",,"0.00","0.0","0.0","63","71","56","  220","  240","14.1","19.0",,,,,,
"USW00024233","2020-06-22","7.61",,"0.00","0.0","0.0","63","80","52","  350","  340","16.1","18.1",,,,,,
"USW00024233","2020-06-23","7.38",,"0.00","0.0","0.0","70","85","58","   30","  360","16.1","19.9",,,,,,
"USW00024233","2020-06-24","7.61",,"0.00","0.0","0.0","69","78","61","  210","  210","19.9","23.9",,,,,,
"USW00024233","2020-06-25","7.16",,"0.00","0.0","0.0","67","81","56","  330","  300","15.0","19.0","    1",,,,,
"USW00024233","2020-06-26","5.59",,"0.00","0.0","0.0","70","82","57","   30","   30","16.1","19.0",,,,,,
"USW00024233","2020-06-27","8.28",,"0.56","0.0","0.0","62","64","56","  210","  210","15.0","23.0","    1",,,,,
"USW00024233","2020-06-28","6.04",,"0.34","0.0","0.0","58","71","52","  340","  340","18.1","25.1","    1",,,,,
"USW00024233","2020-06-29","10.51",,"0.00","0.0","0.0","62","72","54","  220","  220","18.1","21.9",,,,,,
"USW00024233","2020-06-30","13.65",,"0.13","0.0","0.0","60","66","54","  230","  220","21.0","28.0","    1",,,,,
"USW00024233","2020-07-01","12.97",,"0.01","0.0","0.0","58","66","54","  220","  220","21.0","27.1","    1",,,,,"    1"
"USW00024233","2020-07-02","10.51",,"0.00","0.0","0.0","58","67","55","  180","  180","19.9","25.1",,,,,,
"USW00024233","2020-07-03","6.26",,"0.00","0.0","0.0","60","66","55","  220","  220","15.0","19.9",,,,,,
"USW00024233","2020-07-04","5.37",,"0.00","0.0","0.0","60","71","54","  350","  280","12.1","14.1",,,,,,"    1"
"USW00024233","2020-07-05","5.14",,"0.00","0.0","0.0","63","74","55","  240","   20","10.1","14.1",,,,,,"    1"
"USW00024233","2020-07-06","7.83",,"0.00","0.0","0.0","63","72","56","  220","  220","15.0","21.0",,,,,,
"USW00024233","2020-07-07","8.95",,"0.00","0.0","0.0","62","70","56","  220","  200","18.1","21.9",,,,,,
"USW00024233","2020-07-08","6.04",,"0.00","0.0","0.0","62","73","56","  220","  260","10.1","15.0",,,,,,
"USW00024233","2020-07-09","6.71",,"0.01","0.0","0.0","64","72","58","  210","  310","14.1","17.0",,,,,,
"USW00024233","2020-07-10","5.37",,"0.00","0.0","0.0","62","73","54","  220","  210","10.1","19.0",,,,,,
"USW00024233","2020-07-11","9.17",,"0.00","0.0","0.0","63","70","54","  220","  210","18.1","25.1",,,,,,
"USW00024233","2020-07-12","9.84",,"0.00","0.0","0.0","62","72","59","   40","   40","19.9","23.9","    1",,,,,
"USW00024233","2020-07-13","8.50",,"0.00","0.0","0.0","64","76","55","  350","  340","15.0","21.0",,,,,,
"USW00024233","2020-07-14","7.38",,"0.00","0.0","0.0","67","81","54","  360","  360","17.0","23.9",,,,,,
"USW00024233","2020-07-15","6.93",,"0.00","0.0","0.0","71","84","57","  290","  360","14.1","19.9",,,,,,
"USW00024233","2020-07-16","6.49",,"0.00","0.0","0.0","69","77","58","  230","  230","13.0","18.1",,,,,,
"USW00024233","2020-07-17","5.82",,"0.13","0.0","0.0","65","72","58","   10","  220","10.1","17.0","    1",,,,,
"USW00024233","2020-07-18","8.28",,"0.00","0.0","0.0","66","80","57","  340","  350","21.0","25.9",,,,,,
"USW00024233","2020-07-19","7.16",,"0.00","0.0","0.0","72","84","59","  340","  330","17.0","21.9",,,,,,
"USW00024233","2020-07-20","6.93",,"0.00","0.0","0.0","74","87","62","  350","  320","17.0","21.9",,,,,,
"USW00024233","2020-07-21","6.71",,"0.00","0.0","0.0","72","81","62","  210","  220","14.1","17.0",,,,,,
"USW00024233","2020-07-22","6.49",,"0.02","0.0","0.0","66","73","59","  200","  200","12.1","14.1","    1","    1",,,,
"USW00024233","2020-07-23","7.38",,"0.00","0.0","0.0","63","69","58","  220","  290","14.1","19.0",,,,,,
"USW00024233","2020-07-24","8.50",,"0.00","0.0","0.0","62","72","56","   30","   30","16.1","19.0",,,,,,
"USW00024233","2020-07-25","8.72",,"0.00","0.0","0.0","65","78","56","   10","  340","16.1","19.9",,,,,,
"USW00024233","2020-07-26","9.62",,"0.00","0.0","0.0","71","88","59","   20","   10","15.0","21.9",,,,,,
"USW00024233","2020-07-27","3.80",,"0.00","0.0","0.0","77","94","63","   20","   20","13.0","16.1",,,,,,
"USW00024233","2020-07-28","6.04",,"0.00","0.0","0.0","72","81","58","  190","  200","14.1","18.1",,,,,,
"USW00024233","2020-07-29","5.37",,"0.00","0.0","0.0","69","86","56","  300","  320","12.1","14.1",,,,,,
"USW00024233","2020-07-30","6.49",,"0.00","0.0","0.0","74","90","61","  360","  230","13.0","19.9",,,,,,
"USW00024233","2020-07-31","8.50",,"0.00","0.0","0.0","74","83","60","  240","  220","15.0","19.0",,,,,,
"USW00024233","2020-08-01","4.70",,"0.00","0.0","0.0","65","76","58","  210","  210","10.1","15.0",,,,,,
"USW00024233","2020-08-02","5.82",,"0.00","0.0","0.0","68","82","57","  220","  220","15.0","18.1",,,,,,
"USW00024233","2020-08-03","7.61",,"0.00","0.0","0.0","69","82","60","   30","  330","14.1","32.0",,,,,,
"USW00024233","2020-08-04","7.61",,"0.00","0.0","0.0","72","84","61","  330","  220","16.1","30.0",,,,,,
"USW00024233","2020-08-05","5.82",,"0.00","0.0","0.0","71","81","59","  180","  190","14.1","18.1",,,,,,
"USW00024233","2020-08-06","10.51",,"0.08","0.0","0.0","66","73","58","   30","   50","19.9","25.1","    1",,,,,
"USW00024233","2020-08-07","6.04",,"0.00","0.0","0.0","63","75","58","  340","  340","14.1","15.0",,,,,,"    1"
"USW00024233","2020-08-08","4.70",,"0.01","0.0","0.0","62","69","58","  350","  350","13.0","15.0","    1",,,,,"    1"
"USW00024233","2020-08-09","6.71",,"0.00","0.0","0.0","64","77","53","  350","  320","15.0","19.9",,,,,,
"USW00024233","2020-08-10","6.49",,"0.00","0.0","0.0","68","82","56","  360","   10","14.1","19.9",,,,,,
"USW00024233","2020-08-11","8.05",,"0.00","0.0","0.0","66","76","57","  210","  210","16.1","21.0",,,,,,
"USW00024233","2020-08-12","5.59",,"0.00","0.0","0.0","61","71","55","  240","  220","10.1","15.0",,,,,,
"USW00024233","2020-08-13","7.38",,"0.00","0.0","0.0","62","75","52","   20","   20","15.0","18.1",,,,,,
"USW00024233","2020-08-14","8.95",,"0.00","0.0","0.0","67","81","55","  340","  330","15.0","19.0",,,,,,
"USW00024233","2020-08-15","10.07",,"0.00","0.0","0.0","72","88","61","   10","   20","19.9","23.0",,,,,,
"USW00024233","2020-08-16","4.92",,"0.00","0.0","0.0","77","98","63","  210","  240","13.0","18.1",,,,,,
"USW00024233","2020-08-17","6.71",,"0.00","0.0","0.0","78","88","64","  210","  180","15.0","19.0",,,,,,
"USW00024233","2020-08-18","6.71",,"0.00","0.0","0.0","71","81","61","  190","  190","13.0","19.9",,,,,,
"USW00024233","2020-08-19","5.37",,"0.00","0.0","0.0","69","83","59","  200","  230","14.1","17.0",,,,,,
"USW00024233","2020-08-20","6.49",,"0.08","0.0","0.0","71","80","62","  200","  210","13.0","17.0","    1",,,,,
"USW00024233","2020-08-21","10.51",,"0.11","0.0","0.0","69","71","60","  210","  200","21.0","29.1","    1",,,,,
"USW00024233","2020-08-22","10.29",,"0.01","0.0","0.0","65","75","58","  350","  350","18.1","23.0",,,,,,
"USW00024233","2020-08-23","7.61",,"0.00","0.0","0.0","65","77","55","   20","   10","16.1","19.0",,,,,,
"USW00024233","2020-08-24","6.49",,"0.00","0.0","0.0","65","76","56","  300","  280","12.1","15.0",,,,,,
"USW00024233","2020-08-25","6.93",,"0.00","0.0","0.0","65","78","54","  350","  350","15.0","19.0",,,,,,
"USW00024233","2020-08-26","7.38",,"0.00","0.0","0.0","67","78","57","  340","  360","19.9","21.9",,,,,,
"USW00024233","2020-08-27","5.82",,"0.00","0.0","0.0","67","81","55","   20","  330","13.0","16.1",,,,,,
"USW00024233","2020-08-28","7.38",,"0.00","0.0","0.0","68","78","58","   30","   50","15.0","19.0",,,,,,
"USW00024233","2020-08-29","5.59",,"0.00","0.0","0.0","66","70","55","   40","   30","15.0","18.1",,,,,,
"USW00024233","2020-08-30","6.26",,"0.00","0.0","0.0","61","73","51","   20","   20","14.1","17.0",,,,,,
"USW00024233","2020-08-31","3.80",,"0.02","0.0","0.0","61","71","54","  290","  330","14.1","30.0","    1",,,,,
"USW00024233","2020-09-01","5.59",,"0.00","0.0","0.0","65","81","56","  290","  290","15.0","19.9",,,,,,
"USW00024233","2020-09-02","6.71",,"0.00","0.0","0.0","70","81","57","  350","  340","17.0","19.9",,,,,,
"USW00024233","2020-09-03","9.17",,"0.00","0.0","0.0","69","84","56","  350","   10","16.1","21.9",,,,,,
"USW00024233","2020-09-04","7.61",,"0.00","0.0","0.0","71","83","59","  190","  240","13.0","16.1",,,,,,
"USW00024233","2020-09-05","5.82",,"0.00","0.0","0.0","65","75","59","  210","  200","12.1","15.0",,,,,,
"USW00024233","2020-09-06","7.83",,"0.00","0.0","0.0","66","81","56","  350","  360","14.1","18.1",,,,,,
"USW00024233","2020-09-07","14.76",,"0.00","0.0","0.0","70","84","61","  330","  340","25.9","35.1",,,,,,"    1"
"USW00024233","2020-09-08","14.76",,"0.00","0.0","0.0","73","83","63","  110","  110","19.9","29.1",,,,,,
"USW00024233","2020-09-09","12.97",,"0.00","0.0","0.0","71","88","59","   10",,"17.0",,,,,,,
"USW00024233","2020-09-10","6.26",,"0.00","0.0","0.0","76","91","61","  350",,"13.0",,,,,,,"    1"
"USW00024233","2020-09-11","6.71",,"0.00","0.0","0.0","65","73","53","  200",,"10.1",,,,,,,"    1"
"USW00024233","2020-09-12","4.03",,"0.00","0.0","0.0","59","61","51","  170",,"6.9",,"    1",,,,,"    1"
"USW00024233","2020-09-13","2.68",,"0.00","0.0","0.0","55","64","50","  130",,"6.9",,"    1",,,,,"    1"
"USW00024233","2020-09-14","2.01",,"0.05","0.0","0.0","60","69","55","  300",,"6.0",,"    1",,,,,"    1"
"USW00024233","2020-09-15","3.80",,"0.01","0.0","0.0","65","75","61","  350",,"8.1",,"    1",,,,,"    1"
"USW00024233","2020-09-16","4.92",,"0.00","0.0","0.0","66","71","59","   30",,"12.1",,"    1",,,,,"    1"
"USW00024233","2020-09-17","4.47",,"0.00","0.0","0.0","66","74","59","  300",,"10.1",,"    1",,,,,"    1"
"USW00024233","2020-09-18","6.26",,"0.29","0.0","0.0","64","66","60","  130",,"10.1",,"    1",,,,,"    1"
"USW00024233","2020-09-19","9.62",,"0.04","0.0","0.0","63","72","59","  220",,"16.1",,"    1",,,,,
"USW00024233","2020-09-20","3.58",,"0.07","0.0","0.0","62","71","58","  260",,"8.1",,"    1",,,,,
"USW00024233","2020-09-21","4.47",,"0.00","0.0","0.0","61","70","54","  180","  230","10.1","14.1","    1",,,,,
"USW00024233","2020-09-22","6.26",,"0.11","0.0","0.0","65","73","59","  220","  200","15.0","13.0","    1",,,,,
"USW00024233","2020-09-23","11.18",,"1.08","0.0","0.0","63","63","58","  170","  140","21.0","27.1","    1",,,,,
"USW00024233","2020-09-24","12.53",,"0.08","0.0","0.0","60","66","57","  190","  190","18.1","23.9",,,,,,
"USW00024233","2020-09-25","12.30",,"0.75","0.0","0.0","59","63","55","  230","  220","21.0","32.0","    1",,,,,
"USW00024233","2020-09-26","9.84",,"0.00","0.0","0.0","58","65","53","  210","  210","19.9","27.1",,,,,,
"USW00024233","2020-09-27","6.04",,"0.00","0.0","0.0","59","70","53","  360","   20","13.0","17.0","    1",,,,,
"USW00024233","2020-09-28","8.50",,"0.00","0.0","0.0","61","76","52","   10","   10","18.1","21.9",,,,,,
"USW00024233","2020-09-29","7.16",,"0.00","0.0","0.0","64","80","54","   10","  360","15.0","18.1",,,,,,
"USW00024233","2020-09-30","1.34",,"0.00","0.0","0.0","65","76","55","  300","  360","6.9","8.9",,,,,,
"USW00024233","2020-10-01","3.58",,"0.00","0.0","0.0","62","72","54","  350","  280","8.1","12.1","    1","    1",,,,"    1"
"USW00024233","2020-10-02","2.68",,"0.00","0.0","0.0","62","73","54","  290","  300","8.1","10.1","    1","    1",,,,"    1"
"USW00024233","2020-10-03","2.46",,"0.00","0.0","0.0","58","58","54","  170","  170","6.0","6.0","    1","    1",,,,"    1"
"USW00024233","2020-10-04","2.01",,"0.00","0.0","0.0","56","59","54","  190","  190","6.9","6.9","    1",,,,,"    1"
"USW00024233","2020-10-05","5.82",,"0.00","0.0","0.0","59","68","55","  280","  340","10.1","15.0",,,,,,
"USW00024233","2020-10-06","5.82",,"0.00","0.0","0.0","59","73","54","   20","   10","13.0","16.1","    1","    1",,,,
"USW00024233","2020-10-07","4.70",,"0.00","0.0","0.0","60","61","56","   30","   40","10.1","12.1","    1","    1",,,,"    1"
"USW00024233","2020-10-08","7.38",,"0.00","0.0","0.0","59","67","56","  220","  220","14.1","19.0","    1",,,,,
"USW00024233","2020-10-09","6.93",,"0.52","0.0","0.0","60","68","57","  220","  220","17.0","23.9","    1",,,,,
"USW00024233","2020-10-10","14.54",,"0.49","0.0","0.0","59","62","52","  200","  220","23.9","32.0","    1",,,,,
"USW00024233","2020-10-11","12.97",,"0.61","0.0","0.0","53","59","50","  190","  190","28.0","38.9","    1",,,,,
"USW00024233","2020-10-12","10.96",,"0.00","0.0","0.0","57","62","52","  210","  200","23.0","32.0",,,,,,
"USW00024233","2020-10-13","16.11",,"0.57","0.0","0.0","56","63","49","  240","  240","33.1","48.1","    1",,"    1",,,
"USW00024233","2020-10-14","8.28",,"0.00","0.0","0.0","56","63","51","  200","  220","15.0","19.0",,,,,,
"USW00024233","2020-10-15","5.14",,"0.00","0.0","0.0","53","60","46","  140","  140","8.9","8.9",,,,,,
"USW00024233","2020-10-16","13.65",,"0.07","0.0","0.0","56","62","51","  210","  220","29.1","40.0","    1",,,,,
"USW00024233","2020-10-17","7.83",,"0.03","0.0","0.0","56","57","51","  240","  220","14.1","18.1","    1",,,,,
"USW00024233","2020-10-18","12.08",,"0.01","0.0","0.0","56","63","52","  180","  190","23.0","29.1","    1",,,,,
"USW00024233","2020-10-19","9.62",,"0.06","0.0","0.0","57","59","50","  220","  210","18.1","23.0","    1",,,,,
"USW00024233","2020-10-20","3.80",,"0.00","0.0","0.0","53","59","47","  190","  220","8.9","14.1",,,,,,
"USW00024233","2020-10-21","5.37",,"0.05","0.0","0.0","50","53","42","   20","   10","18.1","21.9","    1",,"    1",,,"    1"
"USW00024233","2020-10-22","4.92",,"0.00","0.0","0.0","46","54","40","  130","  340","8.9","12.1",,,,,,
"USW00024233","2020-10-23","9.84",,"0.11","0.0","0.0","44","51","39","  360","  360","23.0","30.0","    1",,,,,
"USW00024233","2020-10-24","15.66",,"0.00","0.0","0.0","46","50","40","  350","  360","25.1","31.1",,,,,,
"USW00024233","2020-10-25","9.84",,"0.00","0.0","0.0","42","49","34","   30","   30","16.1","19.9",,,,,,
"USW00024233","2020-10-26","4.25",,"0.00","0.0","0.0","42","52","35","  300","  310","8.9","12.1",,,,,,
"USW00024233","2020-10-27","4.47",,"0.00","0.0","0.0","49","57","45","  140","  140","10.1","13.0",,,,,,
"USW00024233","2020-10-28","5.82",,"0.00","0.0","0.0","50","55","47","  200","  200","10.1","16.1",,,,,,
"USW00024233","2020-10-29","5.14",,"0.02","0.0","0.0","54","59","47","  140",,"10.1",,"    1",,,,,
"USW00024233","2020-10-30","12.30",,"0.04","0.0","0.0","54","60","47","  210","  210","25.1","35.1","    1",,,,,
"USW00024233","2020-10-31","6.71",,"0.00","0.0","0.0","49","57","41","  360","  360","14.1","16.1",,,,,,
"USW00024233","2020-11-01","6.71",,"0.00","0.0","0.0","49","61","42","   20","   20","16.1","19.0",,,,,,
"USW00024233","2020-11-02","5.59",,"0.00","0.0","0.0","51","65","41","  220","  210","13.0","15.0",,,,,,
"USW00024233","2020-11-03","6.71",,"0.90","0.0","0.0","51","58","46","  170","  150","13.0","16.1","    1",,,,,
"USW00024233","2020-11-04","15.43",,"0.18","0.0","0.0","60","66","58","  190","  200","28.0","36.9","    1",,,,,
"USW00024233","2020-11-05","11.41",,"0.32","0.0","0.0","57","60","46","   20","  200","23.9","30.0","    1",,,,,
"USW00024233","2020-11-06","12.30",,"0.00","0.0","0.0","47","51","39","  360","  350","23.0","31.1",,,,,,
"USW00024233","2020-11-07","7.61",,"0.01","0.0","0.0","42","44","36","  350","  350","21.0","27.1","    1",,,,,
"USW00024233","2020-11-08","9.84",,"0.00","0.0","0.0","41","49","33","  350","  350","23.0","29.1",,,,,,
"USW00024233","2020-11-09","8.50",,"0.06","0.0","0.0","38","43","31","  200","  190","21.0","27.1","    1",,,,,
"USW00024233","2020-11-10","7.83",,"0.04","0.0","0.0","43","46","38","  190","  200","21.9","25.9","    1",,,,,
"USW00024233","2020-11-11","3.58",,"0.00","0.0","0.0","42","46","37","  100","  110","8.9","12.1",,,,,,
"USW00024233","2020-11-12","8.95",,"0.38","0.0","0.0","43","49","40","  170","  160","19.9","27.1","    1",,,,,
"USW00024233","2020-11-13","16.55",,"0.49","0.0","0.0","47","52","43","  170","  170","28.0","36.0","    1",,,,,
"USW00024233","2020-11-14","10.74",,"0.56","0.0","0.0","45","48","41","  220","  220","21.9","27.1","    1",,,,,
"USW00024233","2020-11-15","12.97",,"0.20","0.0","0.0","47","53","46","  200","  190","21.9","30.0","    1",,,,,
"USW00024233","2020-11-16","4.47",,"0.49","0.0","0.0","47","51","46","   20","  360","14.1","17.0","    1",,,,,
"USW00024233","2020-11-17","12.53",,"0.53","0.0","0.0","51","63","47","  180","  160","32.0","46.1","    1",,"    1",,,
"USW00024233","2020-11-18","10.96",,"0.39","0.0","0.0","48","49","44","  190","  200","28.0","33.1","    1",,,,,
"USW00024233","2020-11-19","11.18",,"0.16","0.0","0.0","45","48","42","  210","  210","19.9","25.9","    1",,,,,
"USW00024233","2020-11-20","7.61",,"0.01","0.0","0.0","46","50","43","  190","  200","14.1","19.0",,,,,,
"USW00024233","2020-11-21","5.14",,"0.02","0.0","0.0","48","54","41","   10","   10","10.1","12.1","    1",,,,,
"USW00024233","2020-11-22","5.37",,"0.11","0.0","0.0","43","45","36","  210","  220","15.0","19.0","    1","    1",,,,
"USW00024233","2020-11-23","8.50",,"0.12","0.0","0.0","44","47","42","  180","  180","19.9","23.9","    1",,,,,"    1"
"USW00024233","2020-11-24","12.53",,"0.13","0.0","0.0","46","52","43","  180","  190","25.1","35.1","    1",,,,,"    1"
"USW00024233","2020-11-25","7.83",,"0.03","0.0","0.0","45","48","43","  190","  190","17.0","21.0","    1",,,,,
"USW00024233","2020-11-26","8.50",,"0.00","0.0","0.0","46","50","43","  210","  200","16.1","21.0","    1",,,,,
"USW00024233","2020-11-27","8.28",,"0.00","0.0","0.0","47","51","44","  200","  190","18.1","23.0",,,,,,
"USW00024233","2020-11-28","4.70",,"0.02","0.0","0.0","46","48","36","  180","  170","13.0","16.1","    1","    1",,,,
"USW00024233","2020-11-29","2.91",,"0.00","0.0","0.0","38","45","31","  150","  150","8.1","10.1","    1","    1",,,,
"USW00024233","2020-11-30","12.75",,"0.43","0.0","0.0","45","51","39","  200","  210","28.0","36.0","    1",,,,,
"USW00024233","2020-12-01","9.40",,"0.00","0.0","0.0","42","49","36","   20","   10","19.9","25.1","    1",,,,,
"USW00024233","2020-12-02","8.28",,"0.00","0.0","0.0","45","60","38","  110","  120","16.1","21.0",,,,,,
"USW00024233","2020-12-03","3.36",,"0.00","0.0","0.0","45","50","37","  130","  130","12.1","14.1","    1",,,,,
"USW00024233","2020-12-04","4.03",,"0.00","0.0","0.0","46","54","36","   20","   30","12.1","14.1",,,,,,
"USW00024233","2020-12-05","5.82",,"0.00","0.0","0.0","44","58","35","  110","  100","19.9","23.0","    1","    1",,,,
"USW00024233","2020-12-06","9.17",,"0.03","0.0","0.0","50","54","43","  190","  220","15.0","21.0","    1",,,,,
"USW00024233","2020-12-07","5.59",,"0.00","0.0","0.0","46","52","43","  210","  210","14.1","21.0","    1",,,,,
"USW00024233","2020-12-08","8.05",,"0.73","0.0","0.0","50","52","48","  350","  340","17.0","21.0","    1",,,,,
"USW00024233","2020-12-09","6.26",,"0.17","0.0","0.0","48","50","40","  210","  220","18.1","23.0","    1",,,,,
"USW00024233","2020-12-10","7.83",,"0.04","0.0","0.0","42","44","37","  210","  190","17.0","19.9","    1","    1",,,,
"USW00024233","2020-12-11","8.28",,"0.00","0.0","0.0","42","47","37","  190","  190","18.1","23.0","    1",,,,,
"USW00024233","2020-12-12","5.82",,"0.00","0.0","0.0","38","45","31","  110","  110","17.0","21.9","    1","    1",,,,
"USW00024233","2020-12-13","8.95",,"0.20","0.0","0.0","42","45","39","  120","  120","18.1","21.9","    1",,,,,
"USW00024233","2020-12-14","9.17",,"0.10","0.0","0.0","45","50","43","  220","  230","17.0","21.0","    1",,,,,
"USW00024233","2020-12-15","12.30",,"0.42","0.0","0.0","45","48","42","  170","  200","21.9","30.0","    1",,,,,
"USW00024233","2020-12-16","11.86",,"0.49","0.0","0.0","47","50","45","  210","  210","25.1","34.0","    1",,,,,
"USW00024233","2020-12-17","13.87",,"0.07","0.0","0.0","47","50","44","  180","  170","25.1","36.9",,,,,,
"USW00024233","2020-12-18","14.76",,"0.19","0.0","0.0","46","52","44","  200","  180","23.9","32.0","    1",,,,,
"USW00024233","2020-12-19","11.86",,"0.45","0.0","0.0","48","53","46","  200","  190","25.9","33.1","    1",,,,,
"USW00024233","2020-12-20","10.74",,"0.06","0.0","0.0","50","54","47","  200","  190","23.0","32.0","    1",,,,,
"USW00024233","2020-12-21","8.95",,"1.64","0.5","0.0","49","59","34","  200","  200","25.1","34.0","    1","    1",,,,
"USW00024233","2020-12-22","5.37",,"0.00","0.0","0.0","39","46","34","  110","  120","10.1","14.1","    1",,,,,
"USW00024233","2020-12-23","5.82",,"0.00","0.0","0.0","37","43","31","   20","   30","15.0","17.0","    1","    1",,,,
"USW00024233","2020-12-24","2.91",,"0.00","0.0","0.0","36","44","28","  110","  120","10.1","13.0","    1","    1",,,,
"USW00024233","2020-12-25","7.83",,"0.34","0.0","0.0","41","49","35","  100","  130","19.9","25.9","    1",,,,,
"USW00024233","2020-12-26","12.53",,"0.11","0.0","0.0","45","50","42","  200","  190","25.1","31.1","    1",,,,,"    1"
"USW00024233","2020-12-27","6.71",,"0.13","0.0","0.0","44","49","39","  140","  150","14.1","18.1","    1",,,,,
"USW00024233","2020-12-28","7.83",,"0.00","0.0","0.0","41","47","33","  350","   70","14.1","18.1","    1","    1",,,,
"USW00024233","2020-12-29","4.70",,"0.16","0.0","0.0","39","41","34","  120","  150","13.0","15.0","    1",,,,,
"USW00024233","2020-12-30","12.08",,"0.97","0.0","0.0","42","50","40","  120","  120","25.9","36.9","    1",,,,,
"USW00024233","2020-12-31","12.08",,"0.35","0.0","0.0","48","50","46","  190","  190","23.9","31.1","    1",,,,,
"USW00024233","2021-01-01","10.07",,"0.42","0.0","0.0","48","52","45","  220","  220","23.0","30.0","    1",,,,,
"USW00024233","2021-01-02","16.11",,"1.71","0.0","0.0","48","49","41","  170","  180","28.0","36.0","    1",,,,,
"USW00024233","2021-01-03","10.07",,"0.44","0.0","0.0","44","48","38","  110","  220","21.0","25.9","    1",,,,,
"USW00024233","2021-01-04","13.65",,"0.39","0.0","0.0","47","51","43","  240","  100","23.9","31.1","    1",,,,,
"USW00024233","2021-01-05","10.29",,"0.66","0.0","0.0","44","47","42","  180","  180","23.9","32.0","    1",,,,,
"USW00024233","2021-01-06","6.04",,"0.19","0.0","0.0","46","52","39","  170","  170","19.9","25.1","    1","    1",,,,
"USW00024233","2021-01-07","7.61",,"0.00","0.0","0.0","44","52","40","  120","  100","19.9","25.9","    1","    1",,,,
"USW00024233","2021-01-08","4.92",,"0.22","0.0","0.0","47","51","37","  120","  100","21.0","25.9","    1",,,,,
"USW00024233","2021-01-09","4.70",,"0.00","0.0","0.0","39","48","31","  120","  110","18.1","23.0","    1","    1",,,,
"USW00024233","2021-01-10","4.25",,"0.12","0.0","0.0","44","49","41","  150","  140","10.1","13.0","    1",,,,,
"USW00024233","2021-01-11","9.62",,"0.97","0.0","0.0","46","47","43","  140","  140","23.0","27.1","    1",,,,,
"USW00024233","2021-01-12","11.41",,"2.33","0.0","0.0","50","57","47","  220","  200","21.0","36.0","    1",,,,,
"USW00024233","2021-01-13","14.76",,"0.08","0.0","0.0","50","56","40","  220","  220","36.0","50.1","    1",,,,,
"USW00024233","2021-01-14","4.25",,"0.05","0.0","0.0","44","58","38","  120","   20","12.1","15.0","    1",,,,,
"USW00024233","2021-01-15","4.03",,"0.11","0.0","0.0","48","54","42","  110","  120","15.0","18.1","    1",,,,,
"USW00024233","2021-01-16","2.91",,"0.00","0.0","0.0","44","47","38","  160","  120","8.9","12.1","    1",,,,,
"USW00024233","2021-01-17","5.59",,"0.04","0.0","0.0","45","51","43","  190","  170","15.0","19.0","    1",,,,,
"USW00024233","2021-01-18","7.83",,"0.00","0.0","0.0","45","49","36","  360","   10","16.1","23.9","    1",,,,,
"USW00024233","2021-01-19","4.03",,"0.00","0.0","0.0","39","45","34","   10","  110","10.1","13.0","    1","    1",,,,"    1"
"USW00024233","2021-01-20","1.79",,"0.00","0.0","0.0","40","47","34","  270","  280","8.1","8.9",,,,,,
"USW00024233","2021-01-21","6.26",,"0.04","0.0","0.0","43","46","41","   20","   30","16.1","19.9","    1",,,,,
"USW00024233","2021-01-22","11.86",,"0.00","0.0","0.0","43","46","34","   20","   20","21.9","23.9",,,,,,
"USW00024233","2021-01-23","4.47",,"0.00","0.0","0.0","35","43","29","  170","  150","8.9","12.1","    1",,,,,
"USW00024233","2021-01-24","7.38",,"0.18","0.0","0.0","40","41","38","  180","  170","14.1","18.1","    1",,,,,
"USW00024233","2021-01-25","8.72",,"0.00","0.0","0.0","40","44","35","  190","  200","17.0","21.0",,,,,,
"USW00024233","2021-01-26","11.18",,"0.00","0.0","0.0","38","43","34","  110","  120","23.0","31.1",,,,,,
"USW00024233","2021-01-27","5.82",,"0.12","0.0","0.0","41","46","37","  120","  120","17.0","21.9",,,,,,
"USW00024233","2021-01-28","3.80",,"0.27","0.0","0.0","42","47","40","  120","  260","12.1","21.0","    1",,,,,
"USW00024233","2021-01-29","4.03",,"0.07","0.0","0.0","43","47","40","  200","  200","16.1","21.0","    1","    1",,,,
"USW00024233","2021-01-30","5.59",,"0.16","0.0","0.0","44","50","41","  130","  130","16.1","21.0","    1",,,,,
"USW00024233","2021-01-31","4.70",,"0.18","0.0","0.0","47","50","43","  250","  240","16.1","21.0","    1",,,,,
"USW00024233","2021-02-01","7.16",,"0.88","0.0","0.0","46","50","44","  230","  220","16.1","21.9","    1",,,,,
"USW00024233","2021-02-02","11.41",,"0.61","0.0","0.0","45","46","39","  230","  220","29.1","36.0","    1",,,,,
"USW00024233","2021-02-03","6.49",,"0.07","0.0","0.0","42","50","40","   20","   20","15.0","17.0",,,,,,
"USW00024233","2021-02-04","13.65",,"0.01","0.0","0.0","44","48","42","  200","  210","29.1","38.9","    1",,,,,
"USW00024233","2021-02-05","12.53",,"0.00","0.0","0.0","48","52","44","  210","  200","29.1","38.9","    1",,,,,
"USW00024233","2021-02-06","19.46",,"0.00","0.0","0.0","46","50","43","  210","  200","33.1","42.9","    1",,,,,
"USW00024233","2021-02-07","13.20",,"0.04","0.0","0.0","44","48","38","  220","  200","21.9","27.1",,,,,,
"USW00024233","2021-02-08","5.82",,"0.00","0.0","0.0","40","45","35","  190","  190","14.1","16.1","    1",,,,,
"USW00024233","2021-02-09","5.82",,"0.00","0.0","0.0","38","45","31","   20","   20","12.1","14.1",,,,,,
"USW00024233","2021-02-10","4.92",,"0.00","0.0","0.0","36","43","29","  210","  140","10.1","13.0",,,,,,
"USW00024233","2021-02-11","10.74",,"0.00","0.0","0.0","36","38","30","   30","   30","18.1","21.0",,,,,,
"USW00024233","2021-02-12","12.75",,"0.14","2.2","0.0","31","34","25","  110","  120","25.1","32.0","    1",,,,,
"USW00024233","2021-02-13","13.65",,"0.57","8.9","5.1","27","31","25","  110","  120","25.9","35.1","    1",,,,,
"USW00024233","2021-02-14","12.53",,"0.31","1.3","7.1","31","38","30","  110","  110","19.9","23.0","    1",,,,,
"USW00024233","2021-02-15","11.18",,"0.41","0.0","5.1","36","44","33","  180","  180","21.0","25.1","    1",,,,,
"USW00024233","2021-02-16","8.28",,"0.00","0.0","0.0","42","51","38","  230","  220","17.0","19.9","    1",,,,,
"USW00024233","2021-02-17","6.04",,"0.00","0.0","0.0","42","48","36","   80","   90","13.0","17.0",,,,,,"    1"
"USW00024233","2021-02-18","8.72",,"0.08","0.0","0.0","42","45","37","  200","  130","19.9","30.0","    1",,,,,
"USW00024233","2021-02-19","11.63",,"0.14","0.0","0.0","44","50","40","  220","  250","25.1","40.9","    1",,,,,
"USW00024233","2021-02-20","11.18",,"0.00","0.0","0.0","42","49","38","  210","  220","23.9","30.0",,,,,,
"USW00024233","2021-02-21","17.22",,"0.32","0.0","0.0","46","51","43","  220","  220","25.1","35.1","    1",,,,,"    1"
"USW00024233","2021-02-22","16.11",,"0.35","0.0","0.0","49","52","41","  210","  170","25.1","34.0","    1",,,,,
"USW00024233","2021-02-23","9.40",,"0.36","0.0","0.0","44","49","36","  230","  220","21.9","28.0","    1",,,"    1",,
"USW00024233","2021-02-24","4.47",,"0.01","0.0","0.0","38","46","32","  130","  130","13.0","16.1","    1","    1",,,,
"USW00024233","2021-02-25","15.21",,"0.24","0.0","0.0","42","48","38","  220","  200","29.1","36.9","    1",,,,,
"USW00024233","2021-02-26","10.51",,"0.13","0.0","0.0","44","51","36","  210","  230","25.1","35.1","    1",,"    1",,"    1",
"USW00024233","2021-02-27","6.71",,"0.00","0.0","0.0","40","49","32","  210","  200","15.0","19.9","    1",,,,,
"USW00024233","2021-02-28","8.28",,"0.01","0.0","0.0","45","53","41","  180","  180","15.0","19.0","    1",,,,,
"USW00024233","2021-03-01","6.71",,"0.00","0.0","0.0","46","57","38","  220","  220","13.0","16.1",,,,,,
"USW00024233","2021-03-02","2.68",,"0.00","0.0","0.0","47","50","40","   20","   30","10.1","12.1","    1",,,,,
"USW00024233","2021-03-03","3.13",,"0.00","0.0","0.0","44","56","35","  270","  270","10.1","13.0",,,,,,"    1"
"USW00024233","2021-03-04","6.93",,"0.30","0.0","0.0","44","53","37","   70","  160","13.0","17.0","    1",,,,,
"USW00024233","2021-03-05","9.84",,"0.04","0.0","0.0","49","53","44","  190","  170","29.1","38.0","    1",,,,,
"USW00024233","2021-03-06","10.96",,"0.01","0.0","0.0","45","51","41","  190","  210","19.9","25.1",,,,,,
"USW00024233","2021-03-07","12.75",,"0.14","0.0","0.0","44","49","38","  190","  190","25.9","35.1","    1",,,,,
"USW00024233","2021-03-08","5.59",,"0.00","0.0","0.0","41","51","31","  170","  170","13.0","16.1","    1",,,,,
"USW00024233","2021-03-09","4.47",,"0.00","0.0","0.0","45","55","36","  300","  330","14.1","18.1",,,,,,
"USW00024233","2021-03-10","8.50",,"0.00","0.0","0.0","43","54","36","  340","  340","17.0","21.0",,,,,,
"USW00024233","2021-03-11","4.92",,"0.00","0.0","0.0","44","55","36","   30","   20","13.0","14.1",,,,,,
"USW00024233","2021-03-12","4.03",,"0.00","0.0","0.0","45","57","35","  240","  240","8.9","12.1",,,,,,
"USW00024233","2021-03-13","5.37",,"0.00","0.0","0.0","47","60","36","  210","  200","13.0","19.0",,,,,,
"USW00024233","2021-03-14","6.93",,"0.29","0.0","0.0","47","47","39","   30","   30","19.9","23.0","    1",,,,,
"USW00024233","2021-03-15","4.03",,"0.00","0.0","0.0","40","48","35","  330","  350","14.1","18.1",,,,,,"    1"
"USW00024233","2021-03-16","4.70",,"0.00","0.0","0.0","42","52","33","  320","  280","12.1","14.1",,,,,,
"USW00024233","2021-03-17","3.13",,"0.00","0.0","0.0","44","59","35","  120","  110","10.1","13.0",,,,,,
"USW00024233","2021-03-18","7.83",,"0.14","0.0","0.0","48","55","39","  140","  220","17.0","23.0","    1",,,,,
"USW00024233","2021-03-19","11.63",,"0.05","0.0","0.0","47","56","42","  180","  180","29.1","36.0",,,,,,
"USW00024233","2021-03-20","10.07",,"0.25","0.0","0.0","47","52","42","  230","  240","21.0","29.1","    1",,,,,"    1"
"USW00024233","2021-03-21","14.76",,"0.08","0.0","0.0","43","45","41","  190","  180","21.9","29.1","    1",,,,,
"USW00024233","2021-03-22","7.83",,"0.08","0.0","0.0","44","53","40","  190","  190","21.0","29.1","    1",,,,,
"USW00024233","2021-03-23","4.25",,"0.00","0.0","0.0","45","54","38","  210","  200","15.0","19.0","    1",,,,,
"USW00024233","2021-03-24","13.20",,"0.35","0.0","0.0","47","52","42","  200","  190","23.0","30.0","    1",,,,,
"USW00024233","2021-03-25","5.82",,"0.55","0.0","0.0","46","54","42","   10","  300","13.0","17.0","    1",,,,,"    1"
"USW00024233","2021-03-26","8.05",,"0.00","0.0","0.0","47","53","41","  190","  230","15.0","19.9",,,,,,
"USW00024233","2021-03-27","5.37",,"0.00","0.0","0.0","47","54","41","  210","  250","10.1","15.0",,,,,,
"USW00024233","2021-03-28","15.66",,"0.33","0.0","0.0","47","47","39","  210","  210","32.0","40.9","    1",,,,,"    1"
"USW00024233","2021-03-29","6.26",,"0.00","0.0","0.0","42","51","35","  240","  240","16.1","19.9",,,,,,
"USW00024233","2021-03-30","6.04",,"0.00","0.0","0.0","43","54","34","   30","  220","12.1","15.0",,,,,,
"USW00024233","2021-03-31","4.92",,"0.00","0.0","0.0","47","62","35","  300","   30","12.1","15.0",,,,,,
"USW00024233","2021-04-01","5.59",,"0.00","0.0","0.0","50","58","42","  210","  220","12.1","14.1",,,,,,
"USW00024233","2021-04-02","6.26",,"0.00","0.0","0.0","49","57","42","  200","  210","12.1","16.1",,,,,,
"USW00024233","2021-04-03","6.71",,"0.00","0.0","0.0","50","63","41","   30","   30","17.0","21.0",,,,,,
"USW00024233","2021-04-04","11.41",,"0.00","0.0","0.0","50","52","39","  360","  360","21.9","27.1",,,,,,
"USW00024233","2021-04-05","4.03",,"0.00","0.0","0.0","43","56","35","  260","  250","10.1","15.0",,,,,,
"USW00024233","2021-04-06","4.47",,"0.00","0.0","0.0","47","60","37","  240","  220","8.9","15.0",,,,,,
"USW00024233","2021-04-07","11.86",,"0.23","0.0","0.0","48","48","42","  220","  180","21.9","28.0","    1",,,,,
"USW00024233","2021-04-08","9.62",,"0.02","0.0","0.0","45","54","40","  240","  230","16.1","21.9","    1",,,,,
"USW00024233","2021-04-09","11.63",,"0.01","0.0","0.0","44","50","36","  210","  190","21.9","29.1",,,,,,
"USW00024233","2021-04-10","10.96",,"0.01","0.0","0.0","45","53","40","  220","  220","23.0","30.0",,,,,,
"USW00024233","2021-04-11","8.50",,"0.00","0.0","0.0","44","54","34","  340","  340","21.0","23.9",,,,,,
"USW00024233","2021-04-12","13.20",,"0.00","0.0","0.0","46","59","36","  340","  350","25.1","32.0",,,,,,
"USW00024233","2021-04-13","14.32",,"0.00","0.0","0.0","52","64","40","  340","  360","29.1","35.1",,,,,,
"USW00024233","2021-04-14","10.51",,"0.00","0.0","0.0","54","67","39","   30","   20","23.0","29.1",,,,,,
"USW00024233","2021-04-15","8.05",,"0.00","0.0","0.0","59","75","43","  350","  340","18.1","23.0",,,,,,
"USW00024233","2021-04-16","7.61",,"0.00","0.0","0.0","64","79","47","  360","  360","18.1","21.9",,,,,,
"USW00024233","2021-04-17","4.47",,"0.00","0.0","0.0","64","80","48","  310","  300","10.1","14.1",,,,,,
"USW00024233","2021-04-18","5.37",,"0.00","0.0","0.0","65","79","50","  270","  250","14.1","18.1",,,,,,
"USW00024233","2021-04-19","4.70",,"0.00","0.0","0.0","61","72","48","   80","   50","10.1","13.0",,,,,,
"USW00024233","2021-04-20","7.38",,"0.00","0.0","0.0","61","72","48","  360","  350","16.1","23.0",,,,,,
"USW00024233","2021-04-21","4.92",,"0.00","0.0","0.0","60","73","48","   20","  290","12.1","16.1",,,,,,
"USW00024233","2021-04-22","7.83",,"0.00","0.0","0.0","56","62","47","  240","  240","14.1","18.1",,,,,,
"USW00024233","2021-04-23","8.95",,"0.04","0.0","0.0","53","61","45","  210","  210","16.1","21.9",,,,,,
"USW00024233","2021-04-24","8.05",,"0.51","0.0","0.0","50","50","47","  210","  210","15.0","19.9","    1",,,,,
"USW00024233","2021-04-25","8.95",,"0.10",,,"50","60","47","  270","  250","15.0","19.0","    1",,,,,
"USW00024233","2021-04-26","6.93",,"0.00","0.0","0.0","52","61","45","  260","  250","12.1","18.1",,,,,,
"USW00024233","2021-04-27","6.93",,"0.00","0.0","0.0","53","61","45","  210","  210","14.1","19.0",,,,,,
"USW00024233","2021-04-28","4.47",,"0.00","0.0","0.0","55","64","47","  360","  360","10.1","16.1",,,,,,
"USW00024233","2021-04-29","7.16",,"0.00","0.0","0.0","59","74","49","  220","  250","19.9","25.1",,,,,,
"USW00024233","2021-04-30","10.74",,"0.11","0.0","0.0","58","65","50","  210","  210","19.9","25.9","    1",,,,,
"USW00024233","2021-05-01","6.26",,"0.03","0.0","0.0","54","61","47","  200","  230","12.1","17.0","    1",,,,,
"USW00024233","2021-05-02","4.92",,"0.00","0.0","0.0","53","62","48","  250","  250","10.1","15.0",,,,,,
"USW00024233","2021-05-03","6.71",,"0.25","0.0","0.0","53","57","46","  140","  190","12.1","19.0","    1",,,,,
"USW00024233","2021-05-04","7.38",,"0.03","0.0","0.0","54","63","50","   30","   30","15.0","18.1","    1","    1",,,,
"USW00024233","2021-05-05","7.16",,"0.00","0.0","0.0","56","71","45","   20","   30","14.1","17.0",,,,,,
"USW00024233","2021-05-06","11.63",,"0.00","0.0","0.0","59","68","48","  240","  230","21.9","29.1",,,"    1",,,
"USW00024233","2021-05-07","8.50",,"0.00","0.0","0.0","50","59","46","  220","  220","18.1","21.9",,,,,,
"USW00024233","2021-05-08","8.50",,"0.00","0.0","0.0","50","59","44","  190","  200","15.0","19.9",,,,,,
"USW00024233","2021-05-09","5.59",,"0.10","0.0","0.0","53","64","48","  310","  300","15.0","19.0","    1",,,,,"    1"
"USW00024233","2021-05-10","6.93",,"0.00","0.0","0.0","56","67","44","   30","  350","15.0","21.9",,,,,,
"USW00024233","2021-05-11","7.83",,"0.00","0.0","0.0","57","70","46","   10","   10","17.0","23.0",,,,,,
"USW00024233","2021-05-12","8.72",,"0.00","0.0","0.0","62","71","55","  350","  340","18.1","21.0",,,,,,
"USW00024233","2021-05-13","7.83",,"0.00","0.0","0.0","60","73","48","  350","  350","19.9","23.0","    1","    1",,,,"    1"
"USW00024233","2021-05-14","7.38",,"0.00","0.0","0.0","62","75","50","   30","  330","16.1","23.0",,,,,,
"USW00024233","2021-05-15","7.38",,"0.00","0.0","0.0","61","75","49","  360","  350","16.1","21.0",,,,,,
"USW00024233","2021-05-16","5.37",,"0.00","0.0","0.0","63","77","50","  210","  200","12.1","14.1",,,,,,
"USW00024233","2021-05-17","10.96",,"0.07","0.0","0.0","58","62","49","  220","  210","23.0","30.0","    1",,,,,
"USW00024233","2021-05-18","13.65",,"0.07","0.0","0.0","52","61","45","  220","  210","25.1","36.9",,,"    1",,,
"USW00024233","2021-05-19","7.83",,"0.00","0.0","0.0","50","58","45","  310","  270","16.1","23.0",,,,,,
"USW00024233","2021-05-20","6.26",,"0.01","0.0","0.0","49","61","44","  240","  250","13.0","15.0","    1",,,,,
"USW00024233","2021-05-21","6.26",,"0.00","0.0","0.0","52","62","45","  230","  260","12.1","15.0",,,,,,
"USW00024233","2021-05-22","4.70",,"0.00","0.0","0.0","52","62","47","  200","  190","13.0","15.0","    1",,,,,
"USW00024233","2021-05-23","10.74",,"0.00","0.0","0.0","56","64","51","  210","  220","21.0","27.1","    1",,,,,
"USW00024233","2021-05-24","9.17",,"0.13","0.0","0.0","53","60","49","  200","  170","17.0","21.0","    1",,,,,
"USW00024233","2021-05-25","8.95",,"0.00","0.0","0.0","56","63","51","  240","  220","16.1","27.1",,,,,,
"USW00024233","2021-05-26","6.93",,"0.00","0.0","0.0","56","63","50","  230","  250","13.0","21.0",,,,,,
"USW00024233","2021-05-27","13.42",,"0.43","0.0","0.0","56","60","49","  240","  210","25.9","35.1","    1",,"    1",,,
"USW00024233","2021-05-28","9.40",,"0.00","0.0","0.0","53","64","49","  210","  190","18.1","25.9",,,,,,
"USW00024233","2021-05-29","9.40",,"0.00","0.0","0.0","57","72","47","   30","   20","16.1","19.0",,,,,,
"USW00024233","2021-05-30","7.16",,"0.00","0.0","0.0","62","73","52","  340","  340","15.0","18.1",,,,,,
"USW00024233","2021-05-31","7.61",,"0.00","0.0","0.0","65","80","54","  340","  340","19.9","25.9",,,,,,
"USW00024233","2021-06-01","8.28",,"0.00","0.0","0.0","71","86","58","  360","  350","14.1","19.0",,,,,,
"USW00024233","2021-06-02","5.82",,"0.00","0.0","0.0","73","85","58","   20","  270","16.1","30.0",,,,,,
"USW00024233","2021-06-03","6.49",,"0.00","0.0","0.0","67","75","56","  220","  200","13.0","25.9",,,,,,
"USW00024233","2021-06-04","8.28",,"0.00","0.0","0.0","59","68","51","  220","  230","17.0","19.9",,,,,,
"USW00024233","2021-06-05","15.21",,"0.00","0.0","0.0","60","66","50","  240","  250","25.1","35.1",,,,,,"    1"
"USW00024233","2021-06-06","10.29",,"0.35","0.0","0.0","52","55","44","  230","  230","17.0","23.9","    1",,,,,
"USW00024233","2021-06-07","7.61",,"0.11","0.0","0.0","51","63","44","  220","  220","17.0","21.9","    1",,,,,
"USW00024233","2021-06-08","6.71",,"0.01","0.0","0.0","56","69","49","  220","  230","21.9","28.0","    1",,,,,
"USW00024233","2021-06-09","7.38",,"0.00","0.0","0.0","56","68","46","  320","  330","15.0","17.0",,,,,,
"USW00024233","2021-06-10","7.83",,"0.00","0.0","0.0","57","65","48","  220","  310","16.1","25.9",,,,,,
"USW00024233","2021-06-11","4.47",,"0.46","0.0","0.0","57","59","52","  280","  270","13.0","16.1","    1",,,,,
"USW00024233","2021-06-12","5.82",,"0.13","0.0","0.0","59","73","50","  320","  300","13.0","16.1","    1","    1",,,,
"USW00024233","2021-06-13","6.49",,"0.81","0.0","0.0","62","64","57","  240","  240","16.1","25.1","    1",,,,,
"USW00024233","2021-06-14","5.59",,"0.04","0.0","0.0","59","65","55","  140","  140","12.1","14.1","    1",,,,,
"USW00024233","2021-06-15","9.17",,"0.00","0.0","0.0","60","69","53","  200","  270","18.1","23.9",,,,,,
"USW00024233","2021-06-16","8.05",,"0.00","0.0","0.0","60","72","52","  350","  300","16.1","19.9",,,,,,
"USW00024233","2021-06-17",,,,,,"65",,,,,,,,,,,,
"USW00024233","2021-06-18","9.84",,"0.00","0.0","0.0","65","74","56","   30","   30","17.0","23.0",,,,,,
"USW00024233","2021-06-19","6.93",,"0.00","0.0","0.0","63","76","54","   30","   20","14.1","16.1",,,,,,
"USW00024233","2021-06-20","10.51",,"0.00","0.0","0.0","69","81","58","   20","  230","18.1","23.9",,,,,,
"USW00024233","2021-06-21","6.71",,"0.00","0.0","0.0","74","89","61","  330","   20","12.1","14.1",,,,,,
"USW00024233","2021-06-22","7.83",,"0.00","0.0","0.0","71","76","57","  210","  220","15.0","19.0",,,,,,
"USW00024233","2021-06-23","6.26",,"0.00","0.0","0.0","63","77","55","  250","  250","13.0","16.1",,,,,,
"USW00024233","2021-06-24","6.93",,"0.00","0.0","0.0","67","83","55","  360","   20","16.1","19.0",,,,,,
"USW00024233","2021-06-25","7.16",,"0.00","0.0","0.0","74","87","64","   30","  330","13.0","17.0",,,,,,
"USW00024233","2021-06-26","6.04",,"0.00","0.0","0.0","83","102","69","  360","  360","14.1","17.0",,,,,,
"USW00024233","2021-06-27","8.05",,"0.00","0.0","0.0","88","104","73","  360","   20","18.1","23.0",,,,,,
"USW00024233","2021-06-28","9.40",,"0.00","0.0","0.0","91","108","66","   10","   30","18.1","25.9",,,,,,
"USW00024233","2021-06-29","10.07",,"0.00","0.0","0.0","78","85","62","  220","  220","17.0","21.9",,,,,,
"USW00024233","2021-06-30","8.95",,"0.00","0.0","0.0","68","74","60","  220","  220","15.0","19.9","    1",,,,,
